id_oferta,titulo,empresa,ubicacion,fecha_publicacion,fecha_relativa,tipo_contrato,salario,descripcion,url,detalle_disponible,fuente,termino_busqueda,fecha_extraccion_utc,habilidades_requeridas,nivel_experiencia,distrito,departamento,cantidad_habilidades
AB93E3EC221EBFA9,Únete a la planilla del BCP/ Cajero/ Experiencia en manejo de efectivo/Disponibilidad inmediata,MANPOWER PERU S.A.C.,"Lima, Perú",2026-05-23,Hace 3 horas,FULL_TIME,,"Auxiliar de recaudación ¿Cuál es el reto? Depuración de billetes para ATM para uso propio de la oficina y para el envío a otras oficinas también para ATM. ¿Cómo impactarás en grande? Recuento, verificación, depuración y entubado de remesas de monedas recibidas de otras oficinas, así como su embalaje y preparación para el envío de estas a otros bancos y BCRP. Hacer seguimiento, según sea necesario, para concretar las transacciones de nuestros clientes. Otras funciones que asigne el jefe inmediato. ¿Qué necesitamos de ti? Técnica o Superior completa o en curso desde 2do ciclo; trunco (máximo 1 año) en computación, Informática, Contabilidad u otras carreras afines. Experiencia en manejo de efectivo o verificación de billetes y monedas Office nivel básico Experiencia mínima 6 meses en puestos operativos y administrativos Horarios Jornada completa: Lunes a Viernes: 8:30 a.m. 7:30 p.m.Sábados: 8:00 a.m. - 2:00 p.m Jornada Reducida: Lunes a Viernes: Turno mañana 8:30am 3:00pm. Turno tarde 1:30pm 8:00pm. Sábados de 8:30 am a 3:30 pm ¿Por qué unirte a nuestro equipo? Ser parte de la empresa 1 en Merco Talento 2025 Ingreso a planilla desde tu primer día. Accede a incentivos por tu esfuerzo/desempeño Tendrás el acompañamiento de líderes expertos y referentes en la banca. Accede a descuentos en productos financieros y beneficios corporativos exclusivos por provincia para disfrutar con tu familia. Sé parte de una cultura constante de reconocimiento, donde tu talento puede impactar en grande. ¿Qué esperas? ¡Postula hoy! Somos una organización comprometida con la igualdad de derechos y oportunidades. Nuestros procesos de selección se rigen bajo una política donde nuestras/os postulantes son consideradas/os sin importar su origen, género, raza o cualquier o. -Requerimientos- Educación mínima: Universitario 1 año de experiencia Palabras clave: cashier, cajero",https://pe.computrabajo.com/ofertas-de-trabajo/oferta-de-trabajo-de-unete-a-la-planilla-del-bcp-cajero-experiencia-en-manejo-de-efectivodisponibilidad-inmediata-en-lima-7FC0F1E1206BB5E861373E686DCF3405,True,Computrabajo Perú,Cajero,2026-07-19T06:23:18.206030+00:00,Finanzas | Organización,No especificado,Lima,Perú,2
CFC3321ABF2C290B,Plaza Vea Jaén - Cajeros Part Time,Grupo Intercorp,"Jaen, Cajamarca, Perú",2026-05-27,Hace 3 horas,FULL_TIME,,"En Plaza Vea nos inspira brindar experiencias memorables a cada cliente. Trabajamos día a día para ofrecer productos de calidad, a precios justos y siempre disponibles cuando nuestros clientes los necesitan. Pero nuestro compromiso no se queda ahí. Nos sentimos profundamente orgullosos de nuestros equipos: valoramos a cada colaborador y reconocemos su aporte como pieza clave de nuestro éxito. Gracias a ello, hoy celebramos estar en el Top 3 del ranking de Mejores Lugares para Trabajar en el Perú, según Great Place to Work (GPTW). · Somos parte de la gran familia Intercorp, y compartimos el propósito de generar bienestar para todos los peruanos. ¡No lo pienses más! Únete a un equipo que crece contigo, que inspira con su vocación de servicio y que lidera con el ejemplo. · ¿Qué necesitamos de ti? · Ser mayor de 18 años. · Secundaria completa o incompleta. · Con o sin experiencia. · Disponibilidad de trabajar en horario part time turno tarde/mañana · Disponibilidad en trabajar en la tienda de PlazaVea Jaén · ¿Qué te ofrecemos? · Beneficios y Descuentos por pertenecer al Club Intercorp · Oportunidad de Línea de Carrera. · Capacitaciones Constantes. · Pertenecer a una de las mejores empresas para trabajar en el Perú. · PlazaVea fomenta y respeta la equidad de género, inclusión y diversidad en sus procesos de atracción del talento y crecimiento. Recuerda utilizar nuestros canales de reclutamiento oficiales y que participar en el proceso de selección no tiene costo. En Intercorp nos comprometemos con la igualdad de oportunidades. Todos los/las postulantes serán considerados sin importar su origen étnico, sexo, edad, estado civil, orientación sexual, religión, capacidades diferentes, nacionalidad o condición económica.-Requerimientos- Educación mínima: Educación Secundaria años de experiencia Edad: A partir de 18 años Conocimientos: Comunicación, Microsoft excel, Organización, Servicio al cliente, Atención al cliente",https://pe.computrabajo.com/ofertas-de-trabajo/oferta-de-trabajo-de-plaza-vea-jaen-cajeros-part-time-en-jaen-06811878D567F73B61373E686DCF3405,True,Computrabajo Perú,Cajero,2026-07-19T06:23:18.206030+00:00,Excel | Atención al cliente | Organización,Liderazgo / Senior,Jaen,Cajamarca,3
AB93E3EC221EBFA9,Asesor de ventas / Cajero Bancario BCP / Moquegua,MANPOWER PERU S.A.C.,"Moquegua, Perú",2026-06-03,Hace 3 horas,FULL_TIME,,"En Manpower, junto a nuestro socio estratégico, estamos en la búsqueda de Promotor de Servicios que quiera marcar la diferencia. Si eres una persona comprometida, orientada al cliente y con ganas de crecer profesionalmente, ¡queremos conocerte! Atrévete a asumir nuevos desafíos y sé parte de un equipo que genera impacto. ¿Cuál es el reto? Brinda atención cordial y eficiente, identifica necesidades y promueve los productos y servicios del banco, generando confianza y fidelización. ¿Cómo impactarás en grande? Atender de forma cordial y eficiente, identificando necesidades del cliente y promoviendo productos y servicios del banco. Declararse en el terminal y generar el vale para el recojo de efectivo, gestionando la firma del Supervisor de Agencia. Retirar, contar y verificar el efectivo asignado desde bóveda, asegurando la exactitud antes de iniciar operaciones Preparar y mantener los materiales y herramientas de trabajo (sellos, formularios, terminal activa), garantizando una atención continua y de calidad al público. ¿Qué necesitamos de ti? Estudiantes técnicos y/o universitarios (truncos o concluidos), en carreras afines como Economía, Ingeniería Industrial, Ingeniería de Sistemas, Administración, Comunicaciones y Contabilidad. Experiencia mínima de 6 meses en atención al cliente y/o ventas Manejo de Office a nivel usuario. ¿Por qué unirte a nuestro equipo? Ingreso a planilla completa desde el primer día. Accede a incentivos por tu esfuerzo/desempeño. Acceso a descuentos en productos financieros. Beneficios corporativos exclusivos por provincia para disfrutar con tu familia. Formarás parte de una cultura constante de reconocimientos. · Sí, a ti. Te estamos buscando ¡Únete al equipo BCP! Somos una organización comprometida con la igualdad de derechos y oportunidades. Nuestros procesos de selección se rigen bajo una política donde nuestras/os postulantes son consideradas/os sin importar su origen, género, raza o cualquier otra característica, condición o preferencia, promoviendo así una cultura de respeto mutuo.-Requerimientos- Educación mínima: Técnico años de experiencia Palabras clave: advisor, asesor, cambaceo, sales, cashier, cajero, banker, bancario, banking, banquero",https://pe.computrabajo.com/ofertas-de-trabajo/oferta-de-trabajo-de-asesor-de-ventas-cajero-bancario-bcp-moquegua-en-moquegua-209DCE9EC7968EC661373E686DCF3405,True,Computrabajo Perú,Cajero,2026-07-19T06:23:18.206030+00:00,Ventas | Finanzas | Atención al cliente | Organización,No especificado,Moquegua,Perú,4
AB93E3EC221EBFA9,Asesor de ventas / Cajero Bancario BCP / Sicuani,MANPOWER PERU S.A.C.,"Sicuani, Cusco, Perú",2026-06-03,Hace 3 horas,FULL_TIME,,"En Manpower, junto a nuestro socio estratégico, estamos en la búsqueda de Promotor de Servicios que quiera marcar la diferencia. Si eres una persona comprometida, orientada al cliente y con ganas de crecer profesionalmente, ¡queremos conocerte! Atrévete a asumir nuevos desafíos y sé parte de un equipo que genera impacto. ¿Cuál es el reto? Brinda atención cordial y eficiente, identifica necesidades y promueve los productos y servicios del banco, generando confianza y fidelización. ¿Cómo impactarás en grande? Atender de forma cordial y eficiente, identificando necesidades del cliente y promoviendo productos y servicios del banco. Declararse en el terminal y generar el vale para el recojo de efectivo, gestionando la firma del Supervisor de Agencia. Retirar, contar y verificar el efectivo asignado desde bóveda, asegurando la exactitud antes de iniciar operaciones Preparar y mantener los materiales y herramientas de trabajo (sellos, formularios, terminal activa), garantizando una atención continua y de calidad al público. ¿Qué necesitamos de ti? Estudiantes técnicos y/o universitarios (truncos o concluidos), en carreras afines como Economía, Ingeniería Industrial, Ingeniería de Sistemas, Administración, Comunicaciones y Contabilidad. Experiencia mínima de 6 meses en atención al cliente y/o ventas Manejo de Office a nivel usuario. ¿Por qué unirte a nuestro equipo? Ingreso a planilla completa desde el primer día. Accede a incentivos por tu esfuerzo/desempeño. Acceso a descuentos en productos financieros. Beneficios corporativos exclusivos por provincia para disfrutar con tu familia. Formarás parte de una cultura constante de reconocimientos. · Sí, a ti. Te estamos buscando ¡Únete al equipo BCP! Somos una organización comprometida con la igualdad de derechos y oportunidades. Nuestros procesos de selección se rigen bajo una política donde nuestras/os postulantes son consideradas/os sin importar su origen, género, raza o cualquier otra característica, condición o preferencia, promoviendo así una cultura de respeto mutuo.-Requerimientos- Educación mínima: Técnico años de experiencia Palabras clave: advisor, asesor, cambaceo, sales, cashier, cajero, banker, bancario, banking, banquero",https://pe.computrabajo.com/ofertas-de-trabajo/oferta-de-trabajo-de-asesor-de-ventas-cajero-bancario-bcp-sicuani-en-sicuani-E409E2EF8A369D4261373E686DCF3405,True,Computrabajo Perú,Cajero,2026-07-19T06:23:18.206030+00:00,Ventas | Finanzas | Atención al cliente | Organización,No especificado,Sicuani,Cusco,4
CFC3321ABF2C290B,Cajeros/as plazaVea y Vivanda,Grupo Intercorp,"Punta Hermosa, Lima, Perú",2026-06-16,Hace 3 horas,FULL_TIME,,"Cajeros/as Part time mañana / Part time tarde ¿Cuál será tu desafío? Registrar las transacciones de compra de los clientes de forma correcta, asegurando brindar una buena experiencia de compra. ¿Cómo lo lograrás? Atender al cliente de forma correcta, según los protocolos establecidos. Realizar el cobro de los productos con el medio de pago correspondiente. Limpiar y ordenar el área de cajas. Dar a conocer las promociones vigentes. Cumplir otra función asignada por el jefe inmediato. ¿Qué necesitamos de ti? Ser mayor de 18 años. Secundaria completa o incompleta. Con o sin experiencia. Disponibilidad de trabajar en horario part time turno tarde/mañana Disponibilidad en trabajar en las tienda de plazaVea Lima Moderna ¿Qué te ofrecemos? Beneficios y Descuentos por pertenecer al Club Intercorp Oportunidad de Línea de Carrera. Capacitaciones Constantes. Pertenecer a una de las mejores empresas para trabajar en el Perú. plazaVea y Vivanda fomenta y respeta la equidad de género, inclusión y diversidad en sus procesos de atracción del talento y crecimiento. Recuerda utilizar nuestros canales de reclutamiento oficiales y que participar en el proceso de selección no tiene costo. En Intercorp nos comprometemos con la igualdad de oportunidades. Todos los/las postulantes serán considerados sin importar su origen étnico, sexo, edad, estado civil, orientación sexual, religión, capacidades diferentes, nacionalidad o condición económica.-Requerimientos- Educación mínima: Educación Secundaria años de experiencia Idiomas: Español Conocimientos: Compras",https://pe.computrabajo.com/ofertas-de-trabajo/oferta-de-trabajo-de-cajerosas-plazavea-y-vivanda-en-punta-hermosa-3B2BC4FA3D8BB58261373E686DCF3405,True,Computrabajo Perú,Cajero,2026-07-19T06:23:18.206030+00:00,No detallado,No especificado,Punta Hermosa,Lima,0
AB93E3EC221EBFA9,¡Únete al BCP!Cajero Juanjui. Planilla + Movilidad + Bono,MANPOWER PERU S.A.C.,"Juanjui, San Martin, Perú",2026-06-05,Hace 4 horas,FULL_TIME,,"Buscamos a los que tienen ganas de transformar el país. A los que quieren llegar lejos. Por qué esto no es solo un trabajo. Esto es desafiarte en grande para impactar en grande. Esto es el BCP y te estamos buscando para que formes parte de nuestro equipo como PROMOTOR DE SERVICIOS ¿Cuál es el reto? Brinda atención cordial y eficiente, identifica necesidades y promueve los productos y servicios del banco, generando confianza y fidelización. ¿Cómo impactarás en grande? Atender de forma cordial y eficiente, identificando necesidades del cliente y promoviendo productos y servicios del banco. Declararse en el terminal y generar el vale para el recojo de efectivo, gestionando la firma del Supervisor de Agencia. Retirar, contar y verificar el efectivo asignado desde bóveda, asegurando la exactitud antes de iniciar operaciones Preparar y mantener los materiales y herramientas de trabajo (sellos, formularios, terminal activa), garantizando una atención continua y de calidad al público. ¿Qué necesitamos de ti? Estudiantes técnicos y/o universitarios (truncos o concluidos), en carreras afines como Economía, Ingeniería Industrial, Ingeniería de Sistemas, Administración, Comunicaciones y Contabilidad. Experiencia mínima de 6 meses en atención al cliente y/o ventas Manejo de Office a nivel usuario. ¿Por qué unirte a nuestro equipo? Ser parte de la empresa 1 en Merco Talento 2024 Ingreso a planilla completa desde el primer día. Accede a incentivos por tu esfuerzo/desempeño. Acceso a descuentos en productos financieros. Beneficios corporativos exclusivos por provincia para disfrutar con tu familia. Formarás parte de una cultura constante de reconocimientos. Sí, a ti. Te estamos buscando ¡Únete al equipo BCP! Somos una organización comprometida con la igualdad de derechos y oportunidades. Nuestros procesos de selección se rigen bajo una política donde nuestras/os postulantes son consideradas/os sin importar su origen, género, raza o cualquier otra característica, condición o preferencia, promoviendo así una cultura de respeto mutuo.-Requerimientos- Educación mínima: Universitario años de experiencia Edad: A partir de 18 años",https://pe.computrabajo.com/ofertas-de-trabajo/oferta-de-trabajo-de-unete-al-bcpcajero-juanjui-planilla-movilidad-bono-en-juanjui-ECABE5DF6352B5A161373E686DCF3405,True,Computrabajo Perú,Cajero,2026-07-19T06:23:18.206030+00:00,Ventas | Finanzas | Atención al cliente | Organización,Liderazgo / Senior,Juanjui,San Martin,4
CFC3321ABF2C290B,Plaza Vea Chiclayo busca Cajeros y Cajeras Part Time - Disponibilidad Inmediata,Grupo Intercorp,"Chiclayo, Lambayeque, Perú",2026-06-24,Hace 4 horas,PART_TIME,,"En Plaza Vea nos inspira brindar experiencias memorables a cada cliente. Trabajamos día a día para ofrecer productos de calidad, a precios justos y siempre disponibles cuando nuestros clientes los necesitan. Pero nuestro compromiso no se queda ahí. Nos sentimos profundamente orgullosos de nuestros equipos: valoramos a cada colaborador y reconocemos su aporte como pieza clave de nuestro éxito. Gracias a ello, hoy celebramos estar en el Top del ranking de Mejores Lugares para Trabajar en el Perú, según Great Place to Work (GPTW). Somos parte de la gran familia Intercorp, y compartimos el propósito de generar bienestar para todos los peruanos. ¡No lo pienses más! Únete a un equipo que crece contigo, que inspira con su vocación de servicio y que lidera con el ejemplo. Actulamente nos encontramos en búsqueda de Cajeros y Reponedores para nuestras tiendas Plaza Vea Chiclayo Mall y Plaza Vea Chiclayo Real: Cajeros(as) Part time ¿Cuál será tu desafío? Registrar las transacciones de compra de los clientes de forma correcta, asegurando brindar una buena experiencia de compra. ¿Cómo lo lograrás? Atender al cliente de forma correcta, según los protocolos establecidos. Realizar el cobro de los productos con el medio de pago correspondiente. Limpiar y ordenar el área de cajas. Dar a conocer las promociones vigentes. Cumplir otra función asignada por el jefe inmediato. Reponedores (as) Part time ¿Cuál será tu desafío? Realizar las actividades operativas de la tienda, asegurando la disponibilidad de la mercadería y una eficiente atención al cliente. ¿Cómo lo lograrás? Reponer y almacenar los productos en almacenes, góndolas, mostradores, islas y vitrinas de la tienda. Mantener actualizados los precios y promociones de cada producto. Organización y limpieza de cámaras de frío (cámaras de frío de -18°C). Brindar una adecuada atención al cliente. Apoyo en actividades afines asignadas por su jefe inmediato. ¿Qué necesitamos de ti? Ser mayor de 18 años. Secundaria completa o incompleta. Con o sin experiencia. Disponibilidad de trabajar en horario part time turno tarde/mañana Disponibilidad en trabajar en la tienda de plazaVea Chiclayo Mall / Chiclayo Real ¿Qué te ofrecemos? Beneficios y Descuentos por pertenecer al Club Intercorp Oportunidad de Línea de Carrera. Capacitaciones Constantes. Pertenecer a una de las mejores empresas para trabajar en el Perú. plazaVea fomenta y respeta la equidad de género, inclusión y diversidad en sus procesos de atracción del talento y crecimiento. Recuerda utilizar nuestros canales de reclutamiento oficiales y que participar en el proceso de selección no tiene costo. En Intercorp nos comprometemos con la igualdad de oportunidades. Todos los/las postulantes serán considerados sin importar su origen étnico, sexo, edad, estado civil, orientación sexual, religión, capacidades diferentes, nacionalidad o condición económica.-Requerimientos- Educación mínima: Educación Secundaria años de experiencia Edad: A partir de 18 años",https://pe.computrabajo.com/ofertas-de-trabajo/oferta-de-trabajo-de-plaza-vea-chiclayo-busca-cajeros-y-cajeras-part-time-disponibilidad-inmediata-en-chiclayo-1B77C4DB45953D0161373E686DCF3405,True,Computrabajo Perú,Cajero,2026-07-19T06:23:18.206030+00:00,Atención al cliente | Organización,Liderazgo / Senior,Chiclayo,Lambayeque,2
7843C7FBE1ECC988,Cajero Senior / Banco Falabella La Marina / Full time - Disponiblidad para laborar en Tottus La Marina,FALABELLA CORPORATIVO PERÚ,"San Miguel, Lima, Perú",2026-07-02,Hace 4 horas,FULL_TIME,,"¡EN BANCO FALABELLA BUSCAMOS TALENTOS COMO TÚ! · Somos BANCO FALABELLA organización con respaldo financiero del Grupo Falabella, quien cuenta con más de 100 años de posicionamiento en el mercado nacional e internacional brindando una experiencia de calidad, gracias al talento, innovador, apasionado y empoderado del gran equipo que nos acompaña en todas nuestras s ¡Suma tu Talento con nosotros! Tú puedes ser nuestro próximo: (01) Banco Falabella/ Cajero Bancario Senior LA MARINA (SAN MIGUEL) · ¿QUÉ TE ACERCA AL PUESTO? Estudios Técnico o Universitarios completo en Administración o afines. Microsoft Office Nivel básico-intermedio. Experiencia de 01 año desempeñando el puesto de cajero en el sector financiero. Disponibilidad para trabajar de Lunes a Domingo de 10:00am a las 08:00pm (con 1 día de descanso). · ¿CUÁLES SERÁN TUS OBJETIVOS DIARIOS? - Atender a los clientes asignados cumpliendo con el protocolo, normas y procedimientos establecidos de atención para lograr los estándares de calidad de servicio solicitados. - Atender el desembolso de Supercash; créditos de consumo; y de otros créditos que se puedan definir según el lineamiento de Riegos y Comercial. - Efectuar el cuadre de caja diario, contrastando los montos que figuran en el sistema contra los comprobantes, cheques o efectivo recibido y analizar las diferencias si hubiere. - Entregar al Jefe, de acuerdo a los procedimientos, el dinero recabado durante el día para su custodia en la bóveda de la oficina. - Solicitar, registrar y controlar cheques para la cancelación de los productos pasivos del banco. · Ahora revisa nuestros beneficios... ¿QUÉ OFRECEMOS? Formar parte de una empresa de prestigio a nivel nacional e internacional. Salario competitivo acorde al mercado. Planilla completa desde el primer día de labor. Comisiones altamente competitivas. Laborar en un ambiente super dinámico. Programas y Planes de Incentivos. Aprender en un ambiente dinámico. Trabajar junto con un equipo dispuesto a compartir conocimiento y desafíos. Oportunidad de crecimiento laboral en Grupo Falabella. Capacitaciones constantes. · En BANCO FALABELLA promovemos la inclusión laboral, por lo que invita a cualquier persona a participar en el proceso de selección en referencia y sumarse a nuestro gran equipo¡POSTULA Y FORMA PARTE DE NUESTRA FAMILIA CORPORATIVA!. -Requerimientos- Educación mínima: Educación Secundaria años de experiencia Palabras clave: cashier, cajero, senior, sr, bank, caja, ahorro, savings, bancaria, afores, banco",https://pe.computrabajo.com/ofertas-de-trabajo/oferta-de-trabajo-de-cajero-senior-banco-falabella-la-marina-full-time-disponiblidad-para-laborar-en-tottus-la-marina-en-san-miguel-1B9801ADD66F438D61373E686DCF3405,True,Computrabajo Perú,Cajero,2026-07-19T06:23:18.206030+00:00,Organización,Liderazgo / Senior,San Miguel,Lima,1
E19C474C64EF6972,Cajero/a Multifuncional / Básico 1130 + Bono de 200 soles por sede Miraflores + bonos adicionales - Planilla completa/ bono movilidad/Miraflores,Eurofirms Perú,"Miraflores, Lima, Perú",2026-06-08,Hace 5 horas,FULL_TIME,,"ÚNETE AL EQUIPO Somos Eurofirms, empresa dedicada al Reclutamiento y Selección del mejor talento, por encargo de nuestro importante cliente, líder en el rubro de retail de conveniencia, nos encontramos en búsqueda de la persona idónea para ocupar el cargo de COLABORADOR MULTIFUNCIONAL - MIRAFLORES REQUISITOS: 3 meses de experiencia en Atención al Cliente Disponibilidad de poder trabajar de Lunes a Domingo. Con 1 día de descanso entre lunes a jueves. Contar con disponibilidad para desempeñar funciones operativas propias de tienda (trabajo de pie, carga ligera, desplazamiento constante, entre otros). Disponibilidad para laborar en MIRAFLORES Experiencia en cargos similares: atención al Cliente; cajero, reponedor y promoción de productos, y conocimientos básicos de ventas. FUNCIONES: Atención al cliente y promoción de ventas, brindando un servicio ágil y de calidad. Manejo de caja, recepción y reposición de mercadería en tienda y almacén. Manipulación de alimentos, limpieza integral del local y apoyo en inventarios. HORARIOS: TURNO CIERRE Lunes a Domingo de 2:15 pm a 11:15 pm, con 1 día de descanso entre lunes a jueves. (Amanecida solo tiendas 24h). TURNO ROTATIVO Lunes a Domingo con 1 día de descanso entre lunes a jueves. 6AM A 3PM - 7AM A 4PM (Depende de apertura de tienda) y 2:15 pm a 11:15pm. (Amanecida solo tiendas 24h). BENEFICIOS: Sueldo base 1130 Bonos de movilidad de 200 soles desde el 1er mes + 50 soles (Turno cierre) Movilidad de acercamiento (Turno cierre) Bono objetivos de hasta 150 soles Bonos de permanencia de 50 soles al 4to y 7mo mes Ingreso a planilla con todos los beneficios de ley desde el 1er día Línea de Carrera en 4 meses Descuentos corporativos, convenios educativos, entre otros Eurofirms promueve la inclusión e inserción laboral sin distinción por razón de discapacidad, género, orientación, identidad y expresión de género.-Requerimientos- Educación mínima: Educación Secundaria años de experiencia Edad: A partir de 18 años Palabras clave: cashier, cajero, polivalente, multiusos, versatil, multifuncion, plurifuncional, multifuntion, polifacetico",https://pe.computrabajo.com/ofertas-de-trabajo/oferta-de-trabajo-de-cajeroa-multifuncional-basico-1130-bono-de-200-soles-por-sede-miraflores-bonos-adicionales-planilla-completa-bono-movilidadmiraflores-en-miraflores-4B12DAFB2B462FBC61373E686DCF3405,True,Computrabajo Perú,Cajero,2026-07-19T06:23:18.206030+00:00,Ventas | Logística | Atención al cliente,Liderazgo / Senior,Miraflores,Lima,3
AB93E3EC221EBFA9,Cajero Bancario /Mibanco Yunguyo,MANPOWER PERU S.A.C.,"Yunguyo, Puno, Perú",2026-06-23,Hace 5 horas,FULL_TIME,,"¡Únete a una gran oportunidad en el mundo de las microfinanzas! En Manpower Perú estamos en la búsqueda del mejor talento para un nuevo reto como Representante de Banca de Servicios II (Caja) para la AGENCIA Yunguyo de MIBANCO, la entidad líder en microfinanzas en Latinoamérica y miembro del prestigioso Grupo Credicorp con más de 300 agencias a nivel nacional. Requisitos: - Estudiantes del III ciclo en adelante técnico y/o universitario en carreras como Administración, Ingeniería Industrial, Economía, Contabilidad, ¡y más! - Experiencia mínima de 6 meses en Atención al cliente, ventas, comercial, caja en entidades retail, financieras (bancos, financieras o cajas). · Funciones: - Realizarás el depósito de efectivo en la bóveda del banco. - Realizarás transacciones de cambios de divisas, transferencias de dinero, pago de servicios, entre otros. - Realizarás manejo de caja y cuadre de efectivo diario realizando el conteo y la oportuna detección de billetes y monedas falsas. - Gestionar la atención al cliente. · Beneficios: - Contrato a plazo indeterminado - Crecimiento y línea de carrera en la entidad de microfinanzas más grande de Latinoamérica - Ingreso a planilla desde el primer día con beneficios de ley - Sistema remunerativo atractivo: S/1370 Básico + S/ 125 Riesgo de caja + Bonos - Cobertura del 70% de EPS - Descuentos Credicorp en establecimientos de bienestar, familia, educación y más - Programas de capacitación continua · En Manpower Perú, promovemos un entorno laboral inclusivo, donde todas las personas son bienvenidas sin distinción alguna. ¡Únete a nosotros y forma parte de una institución que transforma vidas a través de las microfinanzas!. -Requerimientos- Educación mínima: Técnico años de experiencia Palabras clave: cashier, cajero, banker, bancario, banking, banquero",https://pe.computrabajo.com/ofertas-de-trabajo/oferta-de-trabajo-de-cajero-bancario-mibanco-yunguyo-en-yunguyo-4EF710406D02088861373E686DCF3405,True,Computrabajo Perú,Cajero,2026-07-19T06:23:18.206030+00:00,Ventas | Finanzas | Atención al cliente,No especificado,Yunguyo,Puno,3
AB93E3EC221EBFA9,Cajero Bancario /Mibanco Arequipa Cercado,MANPOWER PERU S.A.C.,"Arequipa, Perú",2026-06-23,Hace 5 horas,FULL_TIME,,"¡Únete a una gran oportunidad en el mundo de las microfinanzas! En Manpower Perú estamos en la búsqueda del mejor talento para un nuevo reto como Representante de Banca de Servicios II (Caja) para la AGENCIA AREQUIPA CERCADO de MIBANCO, la entidad líder en microfinanzas en Latinoamérica y miembro del prestigioso Grupo Credicorp con más de 300 agencias a nivel nacional. Requisitos: - Estudiantes del III ciclo en adelante técnico y/o universitario en carreras como Administración, Ingeniería Industrial, Economía, Contabilidad, ¡y más! - Experiencia mínima de 6 meses en Atención al cliente, ventas, comercial, caja en entidades retail, financieras (bancos, financieras o cajas). · Funciones: - Realizarás el depósito de efectivo en la bóveda del banco. - Realizarás transacciones de cambios de divisas, transferencias de dinero, pago de servicios, entre otros. - Realizarás manejo de caja y cuadre de efectivo diario realizando el conteo y la oportuna detección de billetes y monedas falsas. - Gestionar la atención al cliente. · Beneficios: - Contrato a plazo indeterminado - Crecimiento y línea de carrera en la entidad de microfinanzas más grande de Latinoamérica - Ingreso a planilla desde el primer día con beneficios de ley - Sistema remunerativo atractivo: S/1370 Básico + S/ 125 Riesgo de caja + Bonos - Cobertura del 70% de EPS - Descuentos Credicorp en establecimientos de bienestar, familia, educación y más - Programas de capacitación continua · En Manpower Perú, promovemos un entorno laboral inclusivo, donde todas las personas son bienvenidas sin distinción alguna. ¡Únete a nosotros y forma parte de una institución que transforma vidas a través de las microfinanzas!. -Requerimientos- Educación mínima: Técnico años de experiencia Palabras clave: cashier, cajero, banker, bancario, banking, banquero",https://pe.computrabajo.com/ofertas-de-trabajo/oferta-de-trabajo-de-cajero-bancario-mibanco-arequipa-cercado-en-arequipa-3EFC5EBDD0D5169961373E686DCF3405,True,Computrabajo Perú,Cajero,2026-07-19T06:23:18.206030+00:00,Ventas | Finanzas | Atención al cliente,No especificado,Arequipa,Perú,3
CFC3321ABF2C290B,Reponedores/as Full time/Part time y Cajeros/as Full time/Part time Makro Surco Viejo,Grupo Intercorp,"Surco, Lima, Perú",2026-06-25,Hace 5 horas,FULL_TIME,PEN 1130 MONTH,"En Makro, somos los cap@s en la venta y el mejor aliado para el éxito de los emprendedores peruanos. Estamos enfocados en la venta, servicio y procesos, para ofrecer siempre las mejores soluciones y convertirnos en el aliado estratégico de miles de negocios en todo el país. Como parte del Grupo Intercorp, contamos con el respaldo, la innovación y la visión de una de las corporaciones más importantes del Perú. Aquí, creces tú, crece tu equipo, y crece tu impacto. Súmate a un equipo que inspira, transforma y lidera. Reponedores/as Full Time/ Part time en Makro Surco ¿Cuál será tu desafío? Cumplir con los estándares de calidad y brindar un buen servicio al cliente. ¿Cómo lo lograrás? 1.-Reposición, almacenamiento y organización de productos en almacenes, góndolas, mostradores, islas y vitrinas manteniendo el stock de las mismas. 2.-Mantener actualizados los precios y promociones de cada producto. 3.-Brindar una adecuada atención al cliente. 4.-Apoyo en actividades afines asignadas por su jefe inmediato. · Cajeros Part time / Full time Makro Independencia ¿Cómo lo lograrás? 1.- Realizar el protocolo de atención en tienda (saludo, preguntar si es boleta o factura, cobro con medio de pago autorizado tarjeta oh, agora o efectivo y despedida). 2.- Cumplir con los indicadores del área (faltantes, control final y notas de crédito). 3.- Realizar el correcto cobro por el medio de pago que el cliente brinda, validando los mismos. 4.- Realizar el cierre de caja al termino de su turno teniendo en cuenta que deben enviar sus valores, voucher, notas de crédito, registro de su fondo. para que al día siguiente tesorería realice el cuadre respectivo. 5.- Realizar un adecuado manejo de los productos en la banda transportadora, explicándole al cliente que estos serán los únicos a pasar en banda y los grandes en coche. · ¿Qué necesitamos de ti? -Ser mayor de 18 años. -Con experiencia. -Disponibilidad de trabajar en horario de medio tiempo y tiempo completo (ROTATIVO). · ¿Qué te ofrecemos? -Bonos de puntualidad y desempeño. -Oportunidad de línea de carrera. -Capacitaciones constantes. -Beneficios y descuentos por pertenecer al Club Intercorp. -Pertenecer a una de las mejores empresas para trabajar en el Perú. · Makro Supermayorista fomenta y respeta la equidad de género, inclusión y diversidad en sus procesos de atracción del talento y crecimiento. Recuerda utilizar nuestros canales de reclutamiento oficiales y que participar en el proceso de selección no tiene costo. En Intercorp nos comprometemos con la igualdad de oportunidades. Todos los/las postulantes serán considerados sin importar su origen étnico, sexo, edad, estado civil, orientación sexual, religión, capacidades diferentes, nacionalidad o condición económica.-Requerimientos- Educación mínima: Educación Secundaria años de experiencia Edad: A partir de 18 años",https://pe.computrabajo.com/ofertas-de-trabajo/oferta-de-trabajo-de-reponedoresas-full-timepart-time-y-cajerosas-full-timepart-time-makro-surco-viejo-en-surco-C6B890BD8E84EFCF61373E686DCF3405,True,Computrabajo Perú,Cajero,2026-07-19T06:23:18.206030+00:00,Atención al cliente | Organización,Liderazgo / Senior,Surco,Lima,2
CFC3321ABF2C290B,Reponedores/as Full time/Part time y Cajeros/as Full time/Part time Makro Chorrillos,Grupo Intercorp,"Chorrillos, Lima, Perú",2026-06-25,Hace 5 horas,FULL_TIME,PEN 1130 MONTH,"En Makro, somos los cap@s en la venta y el mejor aliado para el éxito de los emprendedores peruanos. Estamos enfocados en la venta, servicio y procesos, para ofrecer siempre las mejores soluciones y convertirnos en el aliado estratégico de miles de negocios en todo el país. Como parte del Grupo Intercorp, contamos con el respaldo, la innovación y la visión de una de las corporaciones más importantes del Perú. Aquí, creces tú, crece tu equipo, y crece tu impacto. Súmate a un equipo que inspira, transforma y lidera. Reponedores/as Full Time/ Part time en Makro Chorrillos ¿Cuál será tu desafío? Cumplir con los estándares de calidad y brindar un buen servicio al cliente. ¿Cómo lo lograrás? 1.-Reposición, almacenamiento y organización de productos en almacenes, góndolas, mostradores, islas y vitrinas manteniendo el stock de las mismas. 2.-Mantener actualizados los precios y promociones de cada producto. 3.-Brindar una adecuada atención al cliente. 4.-Apoyo en actividades afines asignadas por su jefe inmediato. · Cajeros Part time / Full time Makro Independencia ¿Cómo lo lograrás? 1.- Realizar el protocolo de atención en tienda (saludo, preguntar si es boleta o factura, cobro con medio de pago autorizado tarjeta oh, agora o efectivo y despedida). 2.- Cumplir con los indicadores del área (faltantes, control final y notas de crédito). 3.- Realizar el correcto cobro por el medio de pago que el cliente brinda, validando los mismos. 4.- Realizar el cierre de caja al termino de su turno teniendo en cuenta que deben enviar sus valores, voucher, notas de crédito, registro de su fondo. para que al día siguiente tesorería realice el cuadre respectivo. 5.- Realizar un adecuado manejo de los productos en la banda transportadora, explicándole al cliente que estos serán los únicos a pasar en banda y los grandes en coche. · ¿Qué necesitamos de ti? -Ser mayor de 18 años. -Con experiencia. -Disponibilidad de trabajar en horario de medio tiempo y tiempo completo (ROTATIVO). · ¿Qué te ofrecemos? -Bonos de puntualidad y desempeño. -Oportunidad de línea de carrera. -Capacitaciones constantes. -Beneficios y descuentos por pertenecer al Club Intercorp. -Pertenecer a una de las mejores empresas para trabajar en el Perú. · Makro Supermayorista fomenta y respeta la equidad de género, inclusión y diversidad en sus procesos de atracción del talento y crecimiento. Recuerda utilizar nuestros canales de reclutamiento oficiales y que participar en el proceso de selección no tiene costo. En Intercorp nos comprometemos con la igualdad de oportunidades. Todos los/las postulantes serán considerados sin importar su origen étnico, sexo, edad, estado civil, orientación sexual, religión, capacidades diferentes, nacionalidad o condición económica.-Requerimientos- Educación mínima: Educación Secundaria años de experiencia Edad: A partir de 18 años",https://pe.computrabajo.com/ofertas-de-trabajo/oferta-de-trabajo-de-reponedoresas-full-timepart-time-y-cajerosas-full-timepart-time-makro-chorrillos-en-chorrillos-ED3EEC0AA6A9CC4361373E686DCF3405,True,Computrabajo Perú,Cajero,2026-07-19T06:23:18.206030+00:00,Atención al cliente | Organización,Liderazgo / Senior,Chorrillos,Lima,2
AB93E3EC221EBFA9,Cajero bancario BCP Agencia Barranca,MANPOWER PERU S.A.C.,"Barranca, Lima, Perú",2026-06-24,Hace 6 horas,FULL_TIME,,"En Manpower, junto a nuestro socio estratégico BCP, estamos en la búsqueda de Promotor de Servicios que quiera marcar la diferencia. Si eres una persona comprometida, orientada al cliente y con ganas de crecer profesionalmente, ¡queremos conocerte! Atrévete a asumir nuevos desafíos y sé parte de un equipo que genera impacto. ¿Cuál es el reto? Brinda atención cordial y eficiente, identifica necesidades y promueve los productos y servicios del banco, generando confianza y fidelización. ¿Cómo impactarás en grande? Atender de forma cordial y eficiente, identificando necesidades del cliente y promoviendo productos y servicios del banco. Declararse en el terminal y generar el vale para el recojo de efectivo, gestionando la firma del Supervisor de Agencia. Retirar, contar y verificar el efectivo asignado desde bóveda, asegurando la exactitud antes de iniciar operaciones Preparar y mantener los materiales y herramientas de trabajo (sellos, formularios, terminal activa), garantizando una atención continua y de calidad al público. ¿Qué necesitamos de ti? Estudiantes técnicos y/o universitarios (truncos o concluidos), en carreras afines como Economía, Ingeniería Industrial, Ingeniería de Sistemas, Administración, Comunicaciones y Contabilidad. Experiencia mínima de 6 meses en atención al cliente y/o ventas Manejo de Office a nivel usuario. ¿Por qué unirte a nuestro equipo? Ingreso a planilla completa desde el primer día. Accede a incentivos por tu esfuerzo/desempeño. Acceso a descuentos en productos financieros. Beneficios corporativos exclusivos por provincia para disfrutar con tu familia. Formarás parte de una cultura constante de reconocimientos. Sí, a ti. Te estamos buscando ¡Únete al equipo BCP! Somos una organización comprometida con la igualdad de derechos y oportunidades. Nuestros procesos de selección se rigen bajo una política donde nuestras/os postulantes son consideradas/os sin importar su origen, género, raza o cualquier otra característica, condición o preferencia, promoviendo así una cultura de respeto mutuo.-Requerimientos- Educación mínima: Universitario años de experiencia Edad: entre 18 y 28 años Palabras clave: cashier, cajero, banker, bancario, banking, banquero",https://pe.computrabajo.com/ofertas-de-trabajo/oferta-de-trabajo-de-cajero-bancario-bcp-agencia-barranca-en-barranca-08467D75093A0A0461373E686DCF3405,True,Computrabajo Perú,Cajero,2026-07-19T06:23:18.206030+00:00,Ventas | Finanzas | Atención al cliente | Organización,Liderazgo / Senior,Barranca,Lima,4
AB93E3EC221EBFA9,Trabaja en el BCP como Cajero Tarapoto (Planilla BCP +Sueldo + Bono + Movilidad),MANPOWER PERU S.A.C.,"Tarapoto, San Martin, Perú",2026-06-24,Hace 6 horas,FULL_TIME,,"En Manpower, junto a nuestro socio estratégico BCP, estamos en la búsqueda de Promotor de Servicios que quiera marcar la diferencia. Si eres una persona comprometida, orientada al cliente y con ganas de crecer profesionalmente, ¡queremos conocerte! Atrévete a asumir nuevos desafíos y sé parte de un equipo que genera impacto. ¿Cuál es el reto? Brinda atención cordial y eficiente, identifica necesidades y promueve los productos y servicios del banco, generando confianza y fidelización. ¿Cómo impactarás en grande? Atender de forma cordial y eficiente, identificando necesidades del cliente y promoviendo productos y servicios del banco. Declararse en el terminal y generar el vale para el recojo de efectivo, gestionando la firma del Supervisor de Agencia. Retirar, contar y verificar el efectivo asignado desde bóveda, asegurando la exactitud antes de iniciar operaciones Preparar y mantener los materiales y herramientas de trabajo (sellos, formularios, terminal activa), garantizando una atención continua y de calidad al público. ¿Qué necesitamos de ti? Estudiantes técnicos y/o universitarios (truncos o concluidos), en carreras afines como Economía, Ingeniería Industrial, Ingeniería de Sistemas, Administración, Comunicaciones y Contabilidad. Experiencia mínima de 6 meses en atención al cliente y/o ventas Manejo de Office a nivel usuario. ¿Por qué unirte a nuestro equipo? Ingreso a planilla completa desde el primer día. Accede a incentivos por tu esfuerzo/desempeño. Acceso a descuentos en productos financieros. Beneficios corporativos exclusivos por provincia para disfrutar con tu familia. Formarás parte de una cultura constante de reconocimientos. Sí, a ti. Te estamos buscando ¡Únete al equipo BCP! Somos una organización comprometida con la igualdad de derechos y oportunidades. Nuestros procesos de selección se rigen bajo una política donde nuestras/os postulantes son consideradas/os sin importar su origen, género, raza o cualquier otra característica, condición o preferencia, promoviendo así una cultura de respeto mutuo.-Requerimientos- Educación mínima: Universitario años de experiencia Palabras clave: cashier, cajero, nominas, sueldo, paga, retribucion, salary, payslip, payroll, wage, pay, payment, nominista",https://pe.computrabajo.com/ofertas-de-trabajo/oferta-de-trabajo-de-trabaja-en-el-bcp-como-cajero-tarapoto-planilla-bcp-sueldo-bono-movilidad-en-tarapoto-4933081A0174B96261373E686DCF3405,True,Computrabajo Perú,Cajero,2026-07-19T06:23:18.206030+00:00,Ventas | Finanzas | Atención al cliente | Organización,No especificado,Tarapoto,San Martin,4
AB93E3EC221EBFA9,Cajero bancario comercial BCP Agencia Sullana,MANPOWER PERU S.A.C.,"Sullana, Piura, Perú",2026-06-24,Hace 6 horas,FULL_TIME,,"En Manpower, junto a nuestro socio estratégico BCP, estamos en la búsqueda de Promotor de Servicios que quiera marcar la diferencia. Si eres una persona comprometida, orientada al cliente y con ganas de crecer profesionalmente, ¡queremos conocerte! Atrévete a asumir nuevos desafíos y sé parte de un equipo que genera impacto. ¿Cuál es el reto? Brinda atención cordial y eficiente, identifica necesidades y promueve los productos y servicios del banco, generando confianza y fidelización. ¿Cómo impactarás en grande? Atender de forma cordial y eficiente, identificando necesidades del cliente y promoviendo productos y servicios del banco. Declararse en el terminal y generar el vale para el recojo de efectivo, gestionando la firma del Supervisor de Agencia. Retirar, contar y verificar el efectivo asignado desde bóveda, asegurando la exactitud antes de iniciar operaciones Preparar y mantener los materiales y herramientas de trabajo (sellos, formularios, terminal activa), garantizando una atención continua y de calidad al público. ¿Qué necesitamos de ti? Estudiantes técnicos y/o universitarios (truncos o concluidos), en carreras afines como Economía, Ingeniería Industrial, Ingeniería de Sistemas, Administración, Comunicaciones y Contabilidad. Experiencia mínima de 6 meses en atención al cliente y/o ventas Manejo de Office a nivel usuario. ¿Por qué unirte a nuestro equipo? Ingreso a planilla completa desde el primer día. Accede a incentivos por tu esfuerzo/desempeño. Acceso a descuentos en productos financieros. Beneficios corporativos exclusivos por provincia para disfrutar con tu familia. Formarás parte de una cultura constante de reconocimientos. Sí, a ti. Te estamos buscando ¡Únete al equipo BCP! Somos una organización comprometida con la igualdad de derechos y oportunidades. Nuestros procesos de selección se rigen bajo una política donde nuestras/os postulantes son consideradas/os sin importar su origen, género, raza o cualquier otra característica, condición o preferencia, promoviendo así una cultura de respeto mutuo.-Requerimientos- Educación mínima: Universitario años de experiencia Edad: entre 18 y 28 años Palabras clave: cashier, cajero, banker, bancario, banking, banquero, salesman, saleswoman, seller, vendedor, comercial, salesperson",https://pe.computrabajo.com/ofertas-de-trabajo/oferta-de-trabajo-de-cajero-bancario-comercial-bcp-agencia-sullana-en-sullana-11ED1152B706CE2261373E686DCF3405,True,Computrabajo Perú,Cajero,2026-07-19T06:23:18.206030+00:00,Ventas | Finanzas | Atención al cliente | Organización,Liderazgo / Senior,Sullana,Piura,4
AB93E3EC221EBFA9,Asesor de ventas / Cajero Bancario BCP / Abancay,MANPOWER PERU S.A.C.,"Abancay, Apurimac, Perú",2026-07-02,Hace 6 horas,FULL_TIME,,"En Manpower, junto a nuestro socio estratégico, estamos en la búsqueda de Promotor de Servicios que quiera marcar la diferencia. Si eres una persona comprometida, orientada al cliente y con ganas de crecer profesionalmente, ¡queremos conocerte! Atrévete a asumir nuevos desafíos y sé parte de un equipo que genera impacto. ¿Cuál es el reto? Brinda atención cordial y eficiente, identifica necesidades y promueve los productos y servicios del banco, generando confianza y fidelización. ¿Cómo impactarás en grande? Atender de forma cordial y eficiente, identificando necesidades del cliente y promoviendo productos y servicios del banco. Declararse en el terminal y generar el vale para el recojo de efectivo, gestionando la firma del Supervisor de Agencia. Retirar, contar y verificar el efectivo asignado desde bóveda, asegurando la exactitud antes de iniciar operaciones Preparar y mantener los materiales y herramientas de trabajo (sellos, formularios, terminal activa), garantizando una atención continua y de calidad al público. ¿Qué necesitamos de ti? Estudiantes técnicos y/o universitarios (truncos o concluidos), en carreras afines como Economía, Ingeniería Industrial, Ingeniería de Sistemas, Administración, Comunicaciones y Contabilidad. Experiencia mínima de 6 meses en atención al cliente y/o ventas Manejo de Office a nivel usuario. ¿Por qué unirte a nuestro equipo? Ingreso a planilla completa desde el primer día. Accede a incentivos por tu esfuerzo/desempeño. Acceso a descuentos en productos financieros. Beneficios corporativos exclusivos por provincia para disfrutar con tu familia. Formarás parte de una cultura constante de reconocimientos. · Sí, a ti. Te estamos buscando ¡Únete al equipo BCP! Somos una organización comprometida con la igualdad de derechos y oportunidades. Nuestros procesos de selección se rigen bajo una política donde nuestras/os postulantes son consideradas/os sin importar su origen, género, raza o cualquier otra característica, condición o preferencia, promoviendo así una cultura de respeto mutuo.-Requerimientos- Educación mínima: Técnico años de experiencia Palabras clave: advisor, asesor, cambaceo, sales, cashier, cajero, banker, bancario, banking, banquero",https://pe.computrabajo.com/ofertas-de-trabajo/oferta-de-trabajo-de-asesor-de-ventas-cajero-bancario-bcp-abancay-en-abancay-05EC8F005175300B61373E686DCF3405,True,Computrabajo Perú,Cajero,2026-07-19T06:23:18.206030+00:00,Ventas | Finanzas | Atención al cliente | Organización,No especificado,Abancay,Apurimac,4
1ACE258263C412C2,Ejecutivo de Servicios / Cajero(a) / Huamachuco - Huamachuco Caja Los Andes,Caja Rural de Ahorro y Credito Los Andes S.A.,"Huamachuco, La Libertad, Perú",2026-07-18,Hace 6 horas,FULL_TIME,PEN 1130 MONTH,"¡Únete a Caja Los Andes! Somos Caja Los Andes, una entidad financiera líder en inclusión social que impulsa el desarrollo de las familias y emprendedores de las zonas rurales del país. Te invitamos a formar parte de nuestra gran familia en la posición de: Ejecutivo(a) de Servicios | Caja y Atención al Cliente Huamachuco ¿Qué buscamos? Egresado(a), Bachiller o Titulado(a) de carreras técnicas o universitarias en Administración, Contabilidad, Economía o carreras afines. Experiencia mínima de 06 meses en funciones de caja, atención al cliente, operaciones o venta de servicios, de preferencia en entidades financieras. Conocimientos generales de contabilidad y manejo de operaciones de caja. Conocimiento en cuadre de caja, detección de billetes falsos y manejo de efectivo. Experiencia en atención y orientación al cliente. Manejo de Microsoft Office a nivel básico o intermedio. Orientación al servicio, responsabilidad, organización y habilidades de comunicación. ¿Cuáles serán tus principales responsabilidades? Brindar una atención cordial, ágil y transparente, asegurando una excelente experiencia de servicio al cliente. Ejecutar y registrar correctamente las operaciones financieras en el sistema, de acuerdo con la normativa vigente. Administrar el efectivo bajo su responsabilidad, realizando el cuadre de caja y verificando la autenticidad de billetes y documentos valorados. Cumplir los lineamientos de seguridad relacionados con el manejo de efectivo, caja fuerte y operaciones de la oficina. Promover y comercializar los productos y servicios financieros de Caja Los Andes, contribuyendo al cumplimiento de las metas comerciales. Orientar a los clientes sobre nuestros productos, servicios y canales de atención. Velar por el cumplimiento de las políticas, procedimientos y estándares de servicio establecidos por la institución. Realizar otras funciones afines que le sean asignadas por su jefe inmediato. ¿Qué te ofrecemos? Ingreso a planilla desde el primer día con todos los beneficios de ley. Salario competitivo. Capacitaciones constantes y oportunidades de desarrollo profesional. Línea de carrera dentro de una sólida institución financiera. Seguro de Vida Ley. Excelente clima laboral. La oportunidad de formar parte de una entidad financiera que impulsa el desarrollo económico de miles de familias peruanas. ¡Atrévete a crecer con nosotros y forma parte de Caja Los Andes! · En Caja Los Andes promovemos la igualdad de oportunidades y valoramos la diversidad. No toleramos ningún acto de discriminación en nuestros procesos de selección. Esta convocatoria está dirigida también a personas con discapacidad. De conformidad con la Ley N.° 29733 - Ley de Protección de Datos Personales, el postulante autoriza el tratamiento de los datos consignados en su CV exclusivamente para fines del proceso de selección. La información será administrada por el área de Talento Humano y conservada por un plazo máximo de seis (6) meses posteriores a la culminación del proceso.-Requerimientos- Educación mínima: Técnico años de experiencia Conocimientos: Ventas Palabras clave: directivo, mando, gobierno, regencia, executive, managing, ejecutivo, bank, caja, ahorro, savings, bancaria, afores, banco",https://pe.computrabajo.com/ofertas-de-trabajo/oferta-de-trabajo-de-ejecutivo-de-servicios-cajeroa-huamachuco-huamachuco-caja-los-andes-en-huamachuco-73E24143F12D5AD761373E686DCF3405,True,Computrabajo Perú,Cajero,2026-07-19T06:23:18.206030+00:00,Ventas | Finanzas | Atención al cliente | Organización,Mandos medios,Huamachuco,La Libertad,4
1ACE258263C412C2,Ejecutivo de Servicios / Cajero(a) / Abancay - Abancay Caja Los Andes,Caja Rural de Ahorro y Credito Los Andes S.A.,"Abancay, Apurimac, Perú",2026-07-18,Hace 6 horas,FULL_TIME,PEN 1130 MONTH,"¡Únete a Caja Los Andes! Somos Caja Los Andes, una entidad financiera líder en inclusión social que impulsa el desarrollo de las familias y emprendedores de las zonas rurales del país. Te invitamos a formar parte de nuestra gran familia en la posición de: Ejecutivo(a) de Servicios | Caja y Atención al Cliente Abancay ¿Qué buscamos? Egresado(a), Bachiller o Titulado(a) de carreras técnicas o universitarias en Administración, Contabilidad, Economía o carreras afines. Experiencia mínima de 06 meses en funciones de caja, atención al cliente, operaciones o venta de servicios, de preferencia en entidades financieras. Conocimientos generales de contabilidad y manejo de operaciones de caja. Conocimiento en cuadre de caja, detección de billetes falsos y manejo de efectivo. Experiencia en atención y orientación al cliente. Manejo de Microsoft Office a nivel básico o intermedio. Orientación al servicio, responsabilidad, organización y habilidades de comunicación. ¿Cuáles serán tus principales responsabilidades? Brindar una atención cordial, ágil y transparente, asegurando una excelente experiencia de servicio al cliente. Ejecutar y registrar correctamente las operaciones financieras en el sistema, de acuerdo con la normativa vigente. Administrar el efectivo bajo su responsabilidad, realizando el cuadre de caja y verificando la autenticidad de billetes y documentos valorados. Cumplir los lineamientos de seguridad relacionados con el manejo de efectivo, caja fuerte y operaciones de la oficina. Promover y comercializar los productos y servicios financieros de Caja Los Andes, contribuyendo al cumplimiento de las metas comerciales. Orientar a los clientes sobre nuestros productos, servicios y canales de atención. Velar por el cumplimiento de las políticas, procedimientos y estándares de servicio establecidos por la institución. Realizar otras funciones afines que le sean asignadas por su jefe inmediato. ¿Qué te ofrecemos? Ingreso a planilla desde el primer día con todos los beneficios de ley. Salario competitivo. Capacitaciones constantes y oportunidades de desarrollo profesional. Línea de carrera dentro de una sólida institución financiera. Seguro de Vida Ley. Excelente clima laboral. La oportunidad de formar parte de una entidad financiera que impulsa el desarrollo económico de miles de familias peruanas. ¡Atrévete a crecer con nosotros y forma parte de Caja Los Andes! · En Caja Los Andes promovemos la igualdad de oportunidades y valoramos la diversidad. No toleramos ningún acto de discriminación en nuestros procesos de selección. Esta convocatoria está dirigida también a personas con discapacidad. De conformidad con la Ley N.° 29733 - Ley de Protección de Datos Personales, el postulante autoriza el tratamiento de los datos consignados en su CV exclusivamente para fines del proceso de selección. La información será administrada por el área de Talento Humano y conservada por un plazo máximo de seis (6) meses posteriores a la culminación del proceso.-Requerimientos- Educación mínima: Técnico años de experiencia Palabras clave: directivo, mando, gobierno, regencia, executive, managing, ejecutivo, bank, caja, ahorro, savings, bancaria, afores, banco",https://pe.computrabajo.com/ofertas-de-trabajo/oferta-de-trabajo-de-ejecutivo-de-servicios-cajeroa-abancay-abancay-caja-los-andes-en-abancay-9D86E0719CB2776661373E686DCF3405,True,Computrabajo Perú,Cajero,2026-07-19T06:23:18.206030+00:00,Finanzas | Atención al cliente | Organización,Mandos medios,Abancay,Apurimac,3
CFC3321ABF2C290B,Promart REX (SMP) / Cajeros / Part Time Turno Tarde,Grupo Intercorp,"San Martin De Porres, Lima, Perú",2026-07-02,Hace 6 horas,FULL_TIME,,"Desde hace más de 10 años, venimos acompañando a miles de familias a tener su hogar soñado, gracias al talento disruptivo, innovador, apasionado y empoderado que forma parte del gran equipo Promart, empresa peruana del grupo Intercorp. Es así que, apostando siempre por la inclusión, diversidad e igualdad de oportunidades, buscamos seguir sumando al mejor talento. Misión del puesto Asegurar un elevado estándar de servicio al cliente, mediante una atención oportuna. ¿Cuáles serán tus retos? Cumplir con el protocolo de atención al cliente. Contabilizar el fondo asignado para sus labores y reportar alguna irregularidad. Registrar las transacciones en caja en base a la demanda: ventas, abonos y disposición de efectivo. Incentivar el pago de transacciones de venta con la tarjeta de crédito corporativa. Realizar toda función o encargo que le asigne su Jefe inmediato y que conlleve a incrementar la eficiencia de la empresa. ¿Cuál es el perfil que buscamos? Estudiantes o Egresados(as) de carrera técnicas de Contabilidad, Administración bancaria y/o Computación. Conocimientos en detección de billetes y monedas falsas (Deseable). Personalidad proactiva y vocación de servicio. Disponibilidad de trabajar 5 días a la semana en horarios rotativos programados dentro de (turno medio tiempo de 2:00pm a 10:30pm). ¿Qué beneficios ofrecemos? Formar parte de una de las mejores empresas para trabajar según el ranking del Great Place To Work 2023. Pertenecer al Club Intercorp y adquirir beneficios exclusivos para los colaboradores del grupo (hospedaje, educación, tiendas por departamento, etc.). Programa de bienestar Promart integral para ti y tu familia. Oportunidades de Crecimiento en Promart y Grupo Intercorp. Utilidades de acuerdo a los resultados de la compañía. Tarjeta de alimentos. Beneficios de ley: Seguro de Salud, Asignación Familiar, Gratificación, Vacaciones. En Promart, estamos firmemente comprometidos con la igualdad de oportunidades para todas las personas, sin distinción. Todos nuestros procesos de selección se basan en una política de diversidad e inclusión, en la cual consideramos a los postulantes sin importar su origen, raza, género, edad, nacionalidad, religión y/o condición económica, social, física, mental o cualquier otra índole, promoviendo así una cultura de respeto mutuo.-Requerimientos- Educación mínima: Educación Secundaria años de experiencia Edad: A partir de 18 años",https://pe.computrabajo.com/ofertas-de-trabajo/oferta-de-trabajo-de-promart-rex-smp-cajeros-part-time-turno-tarde-en-san-martin-de-porres-F8773D783096FF0461373E686DCF3405,True,Computrabajo Perú,Cajero,2026-07-19T06:23:18.206030+00:00,Ventas | Finanzas | Atención al cliente | Proactividad,Liderazgo / Senior,San Martin De Porres,Lima,4
455EDDEDDEAFDC20,"Promotor de Servicios (Cajero) / Planilla para BBVA / Cercado de Lima, Lince, La Victoria y Surco",TRUST CONSULTING,"La Victoria, Lima, Perú",2026-07-18,Hace 7 horas,FULL_TIME,,"¡Transforma la banca con nosotros! En BBVA, estamos redefiniendo la experiencia bancaria y queremos que seas parte de este cambio. Te ofrecemos la oportunidad de desarrollar tu carrera comercial en una empresa innovadora y con visión de futuro, donde cada día representa una nueva oportunidad de crecimiento y aprendizaje. ¡Únete a nosotros y se parte de la evolución! ¿Qué harás como Asesor Universal II (Cajero Bancario)? Impulsar la venta de nuestros productos y servicios financieros, siempre con un enfoque en el cliente. Brindar una experiencia excepcional al cliente, asegurando que cada interacción sea de máxima calidad y eficiencia. Ejecutar todo tipo de transacciones bancarias de manera precisa y ágil. ¿Qué perfil buscamos? Estudiantes desde el IV ciclo de carreras técnicas o desde el VII ciclo de carreras universitarias; egresados, bachilleres o titulados en Economía, Contabilidad, Administración, Ingenierías o afines. Experiencia mínima de 1 año en atención al cliente, ventas de productos o servicios y caja. Alta orientación al cliente, habilidades de negociación, vocación de servicio y capacidad para trabajar en equipo. Disponibilidad para laborar de lunes a sábado. Disponibilidad para laborar en los distritos de: Lince, San Isidro, Jesús María, La Victoria y Cercado de Lima. ¿Qué te ofrecemos? Ser parte de un banco global con un sólido prestigio. EPS y Seguro Oncológico al 100% para ti, tu cónyuge e hijos. Contrato en planilla con beneficios atractivos: bonos por cumplimiento de metas, movilidad, vale de refrigerio. Utilidades superiores al promedio del mercado. Crecimiento y desarrollo profesional constante. Día libre por tu cumpleaños. Capacitación continua a través del Campus BBVA. Acceso a descuentos y convenios corporativos. Somos Trust Services, el aliado estratégico de BBVA en selección de talento, y estamos para apoyarte en tu crecimiento profesional. ¡Postula ahora y únete a la planilla de uno de los mejores bancos a nivel global!. -Requerimientos- Educación mínima: Técnico 1 año de experiencia Palabras clave: promoter, promotor, cashier, cajero",https://pe.computrabajo.com/ofertas-de-trabajo/oferta-de-trabajo-de-promotor-de-servicios-cajero-planilla-para-bbva-cercado-de-lima-lince-la-victoria-y-surco-en-la-victoria-40468A51F7A9EF6061373E686DCF3405,True,Computrabajo Perú,Cajero,2026-07-19T06:23:18.206030+00:00,Ventas | Finanzas | Atención al cliente | Negociación,Entrada / Junior,La Victoria,Lima,4
455EDDEDDEAFDC20,Ingresa al BBVA!! Cajero Bancario/ Planilla BBVA / Surquillo/Miraflores/San Isidro - Planilla Directa + Utilidades + Bonos,TRUST CONSULTING,"Surquillo, Lima, Perú",2026-07-04,Hace 7 horas,FULL_TIME,,"¡Transforma la banca con nosotros! En BBVA, estamos redefiniendo la experiencia bancaria y queremos que seas parte de este cambio. Te ofrecemos la oportunidad de desarrollar tu carrera comercial en una empresa innovadora y con visión de futuro, donde cada día representa una nueva oportunidad de crecimiento y aprendizaje. ¡Únete a nosotros y se parte de la evolución! ¿Qué harás como Asesor Universal II? Impulsar la venta de nuestros productos y servicios financieros, siempre con un enfoque en el cliente. Brindar una experiencia excepcional al cliente, asegurando que cada interacción sea de máxima calidad y eficiencia. Ejecutar todo tipo de transacciones bancarias de manera precisa y ágil. ¿Qué perfil buscamos? Estudiantes desde el V ciclo de carreras técnicas o desde el IX ciclo de carreras universitarias; egresados, bachilleres o titulados en Economía, Contabilidad, Administración, Ingenierías o afines. Experiencia mínima de 1 año en atención al cliente, ventas de productos o servicios. Alta orientación al cliente, habilidades de negociación, vocación de servicio y capacidad para trabajar en equipo. Disponibilidad para laborar de lunes a viernes de 08:30 am a 07:00 pm y sábados de 08:30 am a 01:00 pm. Disponibilidad para laborar en los distritos de: Miraflores, Surquillo, San Isidro, Magdalena. ¿Qué te ofrecemos? Ser parte de un banco global con un sólido prestigio. EPS y Seguro Oncológico al 100% para ti, tu cónyuge e hijos. Contrato en planilla con beneficios atractivos: bonos por cumplimiento de metas, movilidad, vale de refrigerio. Utilidades superiores al promedio del mercado. Crecimiento y desarrollo profesional constante. Día libre por tu cumpleaños. Capacitación continua a través del Campus BBVA. Acceso a descuentos y convenios corporativos. Somos Trust Services, el aliado estratégico de BBVA en selección de talento, y estamos para apoyarte en tu crecimiento profesional. ¡Postula ahora y únete a la planilla de uno de los mejores bancos a nivel global!. -Requerimientos- Educación mínima: Técnico 1 año de experiencia Conocimientos: Gestión de ventas, Atención al cliente Palabras clave: cashier, cajero, banker, bancario, banking, banquero",https://pe.computrabajo.com/ofertas-de-trabajo/oferta-de-trabajo-de-ingresa-al-bbva-cajero-bancario-planilla-bbva-surquillomirafloressan-isidro-planilla-directa-utilidades-bonos-en-surquillo-6EE2C1512264C99761373E686DCF3405,True,Computrabajo Perú,Cajero,2026-07-19T06:23:18.206030+00:00,Ventas | Finanzas | Atención al cliente | Negociación,Entrada / Junior,Surquillo,Lima,4
455EDDEDDEAFDC20,"Promotor de Servicios (Cajero) / Planilla para BBVA / Lince, La Victoria, Salamanca y San Luis",TRUST CONSULTING,"Lince, Lima, Perú",2026-07-16,Hace 7 horas,FULL_TIME,,"¡Transforma la banca con nosotros! En BBVA, estamos redefiniendo la experiencia bancaria y queremos que seas parte de este cambio. Te ofrecemos la oportunidad de desarrollar tu carrera comercial en una empresa innovadora y con visión de futuro, donde cada día representa una nueva oportunidad de crecimiento y aprendizaje. ¡Únete a nosotros y se parte de la evolución! ¿Qué harás como Asesor Universal II (Cajero Bancario)? Impulsar la venta de nuestros productos y servicios financieros, siempre con un enfoque en el cliente. Brindar una experiencia excepcional al cliente, asegurando que cada interacción sea de máxima calidad y eficiencia. Ejecutar todo tipo de transacciones bancarias de manera precisa y ágil. ¿Qué perfil buscamos? Estudiantes desde el IV ciclo de carreras técnicas o desde el VII ciclo de carreras universitarias; egresados, bachilleres o titulados en Economía, Contabilidad, Administración, Ingenierías o afines. Experiencia mínima de 1 año en atención al cliente, ventas de productos o servicios y caja. Alta orientación al cliente, habilidades de negociación, vocación de servicio y capacidad para trabajar en equipo. Disponibilidad para laborar de lunes a sábado. Disponibilidad para laborar en los distritos de: Lince, San Isidro, Jesús María, La Victoria y Cercado de Lima. ¿Qué te ofrecemos? Ser parte de un banco global con un sólido prestigio. EPS y Seguro Oncológico al 100% para ti, tu cónyuge e hijos. Contrato en planilla con beneficios atractivos: bonos por cumplimiento de metas, movilidad, vale de refrigerio. Utilidades superiores al promedio del mercado. Crecimiento y desarrollo profesional constante. Día libre por tu cumpleaños. Capacitación continua a través del Campus BBVA. Acceso a descuentos y convenios corporativos. Somos Trust Services, el aliado estratégico de BBVA en selección de talento, y estamos para apoyarte en tu crecimiento profesional. ¡Postula ahora y únete a la planilla de uno de los mejores bancos a nivel global!. -Requerimientos- Educación mínima: Técnico 1 año de experiencia Palabras clave: promoter, promotor, cashier, cajero",https://pe.computrabajo.com/ofertas-de-trabajo/oferta-de-trabajo-de-promotor-de-servicios-cajero-planilla-para-bbva-lince-la-victoria-salamanca-y-san-luis-en-lince-DA8228C8ECE0C69161373E686DCF3405,True,Computrabajo Perú,Cajero,2026-07-19T06:23:18.206030+00:00,Ventas | Finanzas | Atención al cliente | Negociación,Entrada / Junior,Lince,Lima,4
455EDDEDDEAFDC20,"Cajero Bancario Planilla Utilidades BBVA / Lima Sur, SJM, VMT, Surco, - Bonos / Utilidades",TRUST CONSULTING,"San Juan De Miraflores, Lima, Perú",2026-07-11,Hace 7 horas,FULL_TIME,,"¡Transforma la banca con nosotros! En BBVA, estamos redefiniendo la experiencia bancaria y queremos que seas parte de este cambio. Te ofrecemos la oportunidad de desarrollar tu carrera comercial en una empresa innovadora y con visión de futuro, donde cada día representa una nueva oportunidad de crecimiento y aprendizaje. ¡Únete a nosotros y se parte de la evolución! ¿Qué harás como Cajero Bancario? Impulsar la venta de nuestros productos y servicios financieros, siempre con un enfoque en el cliente. Brindar una experiencia excepcional al cliente, asegurando que cada interacción sea de máxima calidad y eficiencia. Ejecutar todo tipo de transacciones bancarias de manera precisa y ágil. ¿Qué perfil buscamos? Estudiantes desde el V ciclo de carreras técnicas o desde el IX ciclo de carreras universitarias; egresados, bachilleres o titulados en Economía, Contabilidad, Administración, Ingenierías o afines. Experiencia mínima de 1 año en atención al cliente, ventas de productos o servicios. Alta orientación al cliente, habilidades de negociación, vocación de servicio y capacidad para trabajar en equipo. Disponibilidad para laborar de lunes a viernes de 08:30 am a 07:00 pm y sábados de 08:30 am a 01:00 pm. Buscamos interesados que residan en: San Juan de Miraflores, Surco, Villa Maria del Triunfo, Barranco, Villa El Salvador, Chorrillos. ¿Qué te ofrecemos? Ser parte de un banco global con un sólido prestigio. EPS y Seguro Oncológico al 100% para ti, tu cónyuge e hijos. Contrato en planilla con beneficios atractivos: bonos por cumplimiento de metas, movilidad, vale de refrigerio. Utilidades superiores al promedio del mercado. Crecimiento y desarrollo profesional constante. Día libre por tu cumpleaños. Capacitación continua a través del Campus BBVA. Acceso a descuentos y convenios corporativos. · Somos Trust Services, el aliado estratégico de BBVA en selección de talento, y estamos para apoyarte en tu crecimiento profesional. ¡Postula ahora y únete a la planilla de uno de los mejores bancos a nivel global!. -Requerimientos- Educación mínima: Técnico 1 año de experiencia Palabras clave: cashier, cajero, banker, bancario, banking, banquero",https://pe.computrabajo.com/ofertas-de-trabajo/oferta-de-trabajo-de-cajero-bancario-planilla-utilidades-bbva-lima-sur-sjm-vmt-surco-bonos-utilidades-en-san-juan-de-miraflores-77E2B8E4875B1CAB61373E686DCF3405,True,Computrabajo Perú,Cajero,2026-07-19T06:23:18.206030+00:00,Ventas | Finanzas | Atención al cliente | Negociación,Entrada / Junior,San Juan De Miraflores,Lima,4
7843C7FBE1ECC988,Falabella / Cajero(a) / Part y Full Time / Tienda de Atocongo - Tienda de Atocongo,FALABELLA CORPORATIVO PERÚ,"San Juan De Miraflores, Lima, Perú",2026-07-02,Hace 7 horas,FULL_TIME,,"En Falabella, empresa líder en el sector retail, nos encontramos en la búsqueda de los mejores talentos para el puesto de cajero(a) para la tienda de Atocongo. Requisitos: Mayor de 18 años. Secundaria Completa, estudios técnicos culminados o en curso. Conceptos contables: nivel básico. Experiencia mínima de 4 meses como cajero. De preferencia experiencia en venta de intangibles. Disponibilidad para laborar de manera presencial en la tienda mencionada. Disponibilidad para laborar de apertura a cierre de tienda. Full time: 48 horas a la semana (05 días de trabajo x 02 días de descanso rotativo). Part time: 19 horas a la semana (02 días de trabajo x 05 días de descanso rotativo). Funciones: Ingresar los pagos de los clientes por ventas al contado o crédito. Realizar avances o retiros en efectivo según se solicite. Emitir diariamente reportes y contabilizar fondo de caja. Llenar y separar sobres para efectivo y custodiar los vouchers y documentos. Cumplir con las políticas de cambios y devoluciones de producto, en caso sea necesario. Realizar cuadratura diaria del terminal asignado, verificando que lo ingresado corresponde a lo contabilizado en caja. Ofrecer de manera oportuna la Compra Protegida a los clientes y cumplir con el objetivo de venta mensual. Realizar referidos de tarjeta CMR al banco o a los afiliadores de tarjeta ubicados en las tiendas. Beneficios: Ingreso a planilla completa de Saga Falabella. Beneficios de ley. Beneficios corporativos. Asignación familiar. Utilidades.-Requerimientos- Educación mínima: Educación Secundaria años de experiencia Edad: A partir de 18 años Conocimientos: Comunicación, Resolución de problemas, Atención al cliente Palabras clave: boutique, tienda, store, establecimiento, bazar, bazzar",https://pe.computrabajo.com/ofertas-de-trabajo/oferta-de-trabajo-de-falabella-cajeroa-part-y-full-time-tienda-de-atocongo-tienda-de-atocongo-en-san-juan-de-miraflores-89DDC74AE84F3F3661373E686DCF3405,True,Computrabajo Perú,Cajero,2026-07-19T06:23:18.206030+00:00,Ventas | Atención al cliente | Resolución de problemas,Liderazgo / Senior,San Juan De Miraflores,Lima,3
6F7BFDD5068746CE,Cajera(o) / Facturador(a) / Horarios Rotativos - Pacasmayo (Ref. 26504),Manpower,"Pacasmayo, La Libertad, Perú",2026-07-10,Hace 7 horas,FULL_TIME,,"Por encargo de nuestro cliente, importante empresa líder su sector, nos encontramos en búsqueda del mejor talento para desempeñar el cargo de: Cajero(a) Facturador(a) Pacasmayo · Requisitos: Formación técnica en computación e informática, contabilidad, administración y/o afines. Experiencia mínima de 01 año en la posición. Conocimientos en manejo de caja y facturación. Disponibilidad para trabajar en horarios rotativos de lunes a domingo (turnos: mañana, tarde y noche). Disponibilidad inmediata · Funciones: Encargado de crear y alimentar archivo Excel de cierre de facturación. Encargado de emitir órdenes y facturas en el sistema de Manpower. Responsable de liberar los cargos en el sistema Brindar atención al chofer del vehículo, emitir y enviar factura Revisar en el correo la cancelación por el servicio de acomodo de bolsas Copiar las constancias de pago en un archivo Word Responsable de realizar las anulaciones de facturas por error de carga Realizar seguimiento de pago a las empresas que no cancelan en el momento de la atención Enviar correo de novedades del turno y cierre de facturación a los supervisores Enviar la factura sobre el correo con la constancia de pago por el servicio prestado Cerrar la caja del día al término del turno en el sistema. · Beneficios: Ingreso a planilla. Beneficios sociales. Grato clima laboral. · *Indispensable residir en la ciudad de Pacasmayo, Manpower es un empleador inclusivo y está feliz de incentivar la inserción laboral a las personas con habilidades diferentes.-Requerimientos- Educación mínima: Técnico 3 años de experiencia Disponibilidad de viajar: Si",https://pe.computrabajo.com/ofertas-de-trabajo/oferta-de-trabajo-de-cajerao-facturadora-horarios-rotativos-pacasmayo-ref-26504-en-pacasmayo-8C8168325A396E0361373E686DCF3405,True,Computrabajo Perú,Cajero,2026-07-19T06:23:18.206030+00:00,Excel | Finanzas,Entrada / Junior,Pacasmayo,La Libertad,2
7843C7FBE1ECC988,Falabella / Cajero(a) / Part y Full Time / Tienda de San Miguel - Tienda de San Miguel,FALABELLA CORPORATIVO PERÚ,"San Miguel, Lima, Perú",2026-07-02,Hace 8 horas,FULL_TIME,,"En Falabella, empresa líder en el sector retail, nos encontramos en la búsqueda de los mejores talentos para el puesto de cajero(a) para la tienda de San Miguel. Requisitos: Mayor de 18 años. Secundaria Completa, estudios técnicos culminados o en curso. Conceptos contables: nivel básico. Experiencia mínima de 4 meses como cajero. De preferencia experiencia en venta de intangibles. Disponibilidad para laborar de manera presencial en la tienda mencionada. Disponibilidad para laborar de apertura a cierre de tienda. Full time: 48 horas a la semana (05 días de trabajo x 02 días de descanso rotativo). Part time: 19 horas a la semana (02 días de trabajo x 05 días de descanso rotativo). Funciones: Ingresar los pagos de los clientes por ventas al contado o crédito. Realizar avances o retiros en efectivo según se solicite. Emitir diariamente reportes y contabilizar fondo de caja. Llenar y separar sobres para efectivo y custodiar los vouchers y documentos. Cumplir con las políticas de cambios y devoluciones de producto, en caso sea necesario. Realizar cuadratura diaria del terminal asignado, verificando que lo ingresado corresponde a lo contabilizado en caja. Ofrecer de manera oportuna la Compra Protegida a los clientes y cumplir con el objetivo de venta mensual. Realizar referidos de tarjeta CMR al banco o a los afiliadores de tarjeta ubicados en las tiendas. Beneficios: Ingreso a planilla completa de Saga Falabella. Beneficios de ley. Beneficios corporativos. Asignación familiar. Utilidades.-Requerimientos- Educación mínima: Educación Secundaria años de experiencia Edad: A partir de 18 años Conocimientos: Comunicación, Resolución de problemas, Atención al cliente Palabras clave: boutique, tienda, store, establecimiento, bazar, bazzar",https://pe.computrabajo.com/ofertas-de-trabajo/oferta-de-trabajo-de-falabella-cajeroa-part-y-full-time-tienda-de-san-miguel-tienda-de-san-miguel-en-san-miguel-AD301C71DFA7C0E961373E686DCF3405,True,Computrabajo Perú,Cajero,2026-07-19T06:23:18.206030+00:00,Ventas | Atención al cliente | Resolución de problemas,Liderazgo / Senior,San Miguel,Lima,3
F2778F4267345454,¡Sueldo+Bono nocturno! Cajero multifuncional Tiendas Listo / La Marina / Turno noche - Primax / Planilla completa,COESTI S.A.,"San Miguel, Lima, Perú",2026-05-30,Hace 9 horas,FULL_TIME,PEN 1130 MONTH,"¡Es tu oportunidad! Si deseas pertenecer al Grupo Primax y formar parte de un equipo lleno de energía, esta es tu oportunidad para postular al puesto de Cajero(a) Multifuncional de Minimarket. Contar con disponibilidad para trabajar en Listo San Miguel Funciones: Atender a los clientes en el minimarket de acuerdo con los protocolos de servicio. Preparar los pedidos de los clientes. Reponer y organizar los productos del minimarket. Realizar el manejo y cuadre de caja. Impulsar la venta de promociones y productos. Apoyar en la toma de inventarios. Mantener el orden y limpieza del minimarket. Requisitos: Secundaria completa. Carnet de sanidad Experiencia en atención al cliente (deseable). Experiencia en manejo de caja (deseable). Disponibilidad para laborar en turno noche (turno de 10pm a 6 am y de 11 pm a 7am - se rota en ambos horarios) Actitud proactiva, compromiso y orientación al servicio. Beneficios: Ingreso a planilla desde el primer día. Sueldo + bono nocturno Beneficios de acuerdo a ley. Asignación familiar. ¡¡Comisiones por ventas!! Participación en utilidades. Oportunidad de crecimiento y desarrollo. ¡Únete a este gran equipo!. -Requerimientos- Educación mínima: Educación Secundaria años de experiencia Palabras clave: night, nighttime, nocturno, cashier, cajero, polivalente, multiusos, versatil, multifuncion, plurifuncional, multifuntion, polifacetico",https://pe.computrabajo.com/ofertas-de-trabajo/oferta-de-trabajo-de-sueldobono-nocturno-cajero-multifuncional-tiendas-listo-la-marina-turno-noche-primax-planilla-completa-en-san-miguel-B199C25D0980BAD161373E686DCF3405,True,Computrabajo Perú,Cajero,2026-07-19T06:23:18.206030+00:00,Ventas | Atención al cliente | Proactividad,No especificado,San Miguel,Lima,3
7843C7FBE1ECC988,Falabella / Cajero(a) / Full Time / Tienda de Puruchuco - Tienda de Puruchuco,FALABELLA CORPORATIVO PERÚ,"Ate, Lima, Perú",2026-07-02,Hace 10 horas,FULL_TIME,,"En Falabella, empresa líder en el sector retail, nos encontramos en la búsqueda de los mejores talentos para el puesto de cajero(a) full time para la tienda de Puruchuco. Requisitos: Mayor de 18 años. Secundaria Completa, estudios técnicos culminados o en curso. Conceptos contables: nivel básico. Experiencia mínima de 4 meses como cajero. De preferencia experiencia en venta de intangibles. Disponibilidad para laborar de manera presencial en la tienda mencionada. Disponibilidad para laborar de apertura a cierre de tienda. Full time: 48 horas a la semana (05 días de trabajo + 02 días de descanso rotativo). Funciones: Ingresar los pagos de los clientes por ventas al contado o crédito. Realizar avances o retiros en efectivo según se solicite. Emitir diariamente reportes y contabilizar fondo de caja. Llenar y separar sobres para efectivo y custodiar los vouchers y documentos. Cumplir con las políticas de cambios y devoluciones de producto, en caso sea necesario. Realizar cuadratura diaria del terminal asignado, verificando que lo ingresado corresponde a lo contabilizado en caja. Ofrecer de manera oportuna la Compra Protegida a los clientes y cumplir con el objetivo de venta mensual. Realizar referidos de tarjeta CMR al banco o a los afiliadores de tarjeta ubicados en las tiendas. Beneficios: Ingreso a planilla completa de Saga Falabella. Beneficios de ley. Beneficios corporativos. Asignación familiar. Utilidades.-Requerimientos- Educación mínima: Educación Secundaria años de experiencia Edad: A partir de 18 años Conocimientos: Comunicación, Gestión del tiempo, Orientación al logro, Atención al cliente Palabras clave: boutique, tienda, store, establecimiento, bazar, bazzar",https://pe.computrabajo.com/ofertas-de-trabajo/oferta-de-trabajo-de-falabella-cajeroa-full-time-tienda-de-puruchuco-tienda-de-puruchuco-en-ate-A273708B41E28FE061373E686DCF3405,True,Computrabajo Perú,Cajero,2026-07-19T06:23:18.206030+00:00,Ventas | Atención al cliente | Organización,Liderazgo / Senior,Ate,Lima,3
E19C474C64EF6972,Cajeros/as Multifuncionales para Miraflores / Planilla completa + Básico + Bonos adicionales - Planilla completa/ bono movilidad/Miraflores,Eurofirms Perú,"La Victoria, Lima, Perú",2026-06-16,Hace 10 horas,FULL_TIME,,"ÚNETE AL EQUIPO Somos Eurofirms, empresa dedicada al reclutamiento y selección del mejor talento, por encargo de nuestro importante cliente, líder en el rubro de retail de conveniencia, nos encontramos en búsqueda de la persona idónea para ocupar el cargo de Colaborador Multifuncional - Miraflores. FUNCIONES: Atención al cliente y promoción de ventas, brindando un servicio ágil y de calidad. Manejo de caja, recepción y reposición de mercadería en tienda y almacén. Manipulación de alimentos, limpieza integral del local y apoyo en inventarios. REQUISITOS: Contar con 3 meses de experiencia en atención al cliente. Contar con disponibilidad para desempeñar funciones operativas propias de tienda (trabajo de pie, carga ligera, desplazamiento constante, entre otros). Experiencia en cargos similares: atención al Cliente; cajero, reponedor y promoción de productos, y conocimientos básicos de ventas. HORARIOS: (Turno Cierre) Lunes a Domingo de 2:15 pm a 11:15 pm, con 1 día de descanso entre lunes a jueves. (Amanecida solo tiendas 24h). (Turno Rotativo) Lunes a Domingo con 1 día de descanso entre lunes a jueves. 6:00 am a 03:00 pm - 7:00 am a 4:00 pm (Depende de apertura de tienda) y 2:15 pm a 11:15pm. (Amanecida solo tiendas 24h). BENEFICIOS: Sueldo básico 1,130 soles. Bonos de movilidad de 200 soles desde el 1er mes + 50 soles (Turno cierre) Movilidad de acercamiento (Turno cierre) Bono objetivos de hasta 150 soles Bonos de permanencia de 50 soles al 4to y 7mo mes Ingreso a planilla con todos los beneficios de ley desde el 1er día Línea de Carrera en 4 meses Descuentos corporativos, convenios educativos, entre otros. Eurofirms promueve la inclusión e inserción laboral sin distinción por razón de discapacidad, género, orientación, identidad y expresión de género.-Requerimientos- Educación mínima: Educación Secundaria años de experiencia Edad: A partir de 18 años",https://pe.computrabajo.com/ofertas-de-trabajo/oferta-de-trabajo-de-cajerosas-multifuncionales-para-miraflores-planilla-completa-basico-bonos-adicionales-planilla-completa-bono-movilidadmiraflores-en-la-victoria-840AFF1B9E48B8FE61373E686DCF3405,True,Computrabajo Perú,Cajero,2026-07-19T06:23:18.206030+00:00,Ventas | Logística | Atención al cliente,Liderazgo / Senior,La Victoria,Lima,3
